matches	category	city	state	title	url
0	Engineering and Technical specialities	Gennevilliers	Hauts-de-Seine	Architecte Cybersécurité Spatial F/H	https://careers.thalesgroup.com/global/en/job/R0316597/Architecte-Cybersécurité-Spatial-F-H
0	System	Limours	Essonne	Ingénieur Systèmes Radar F/H	https://careers.thalesgroup.com/global/en/job/R0308833/Ingénieur-Systèmes-Radar-F-H
0	Finance	Vélizy-Villacoublay	Yvelines	Comptabilité Clients - Inscription AfterWork 16 avril 2026	https://careers.thalesgroup.com/global/en/job/R0316508/Comptabilité-Clients-Inscription-AfterWork-16-avril-2026
0	System	Bordeaux	Gironde	Product Design Authority en phase MCO (F/H)	https://careers.thalesgroup.com/global/en/job/R0319398/Product-Design-Authority-en-phase-MCO-F-H
0	Bid and Project Management	Toulouse	Haute-Garonne	CAM Payload Programme Telecom	https://careers.thalesgroup.com/global/en/job/R0299299/CAM-Payload-Programme-Telecom
0	Industry	Pont-Audemer	Eure	Technicien test fonctionnel référent (F/H)	https://careers.thalesgroup.com/global/en/job/R0318278/Technicien-test-fonctionnel-référent-F-H
0	Software	Rennes	Ille-et-Vilaine	Ingénieur CloudOps Confirmé - H/F	https://careers.thalesgroup.com/global/en/job/R0313777/Ingénieur-CloudOps-Confirmé-H-F
0	Industry	Thonon-les-Bains	Haute-Savoie	Ingénieur Support Process Usinage H/F	https://careers.thalesgroup.com/global/en/job/R0308271/Ingénieur-Support-Process-Usinage-H-F
1	Engineering and Technical specialities	Palaiseau	Essonne	Ingénieur de Recherche en Intelligence Artificielle Embarquée (H/F)	https://careers.thalesgroup.com/global/en/job/R0318169/Ingénieur-de-Recherche-en-Intelligence-Artificielle-Embarquée-H-F
0	Other	Limours	Essonne	Juriste Contract Manager -  H/F	https://careers.thalesgroup.com/global/en/job/R0315717/Juriste-Contract-Manager-H-F
0	System	Rungis	Val-de-Marne	Architecte Solution - Expert Telecom F.H	https://careers.thalesgroup.com/global/en/job/R0304354/Architecte-Solution-Expert-Telecom-F-H
0	Engineering and Technical specialities	Limours	Essonne	Ingénieur gestion de configuration H/F	https://careers.thalesgroup.com/global/en/job/R0320602/Ingénieur-gestion-de-configuration-H-F
0	Software	Valbonne	Alpes-Maritimes	Responsable Technique – Java Fullstack / GWT & Angular  (F/H)	https://careers.thalesgroup.com/global/en/job/R0312977/Responsable-Technique-Java-Fullstack-GWT-Angular-F-H
0	Industry	Brest	Finistere	Technicien Conformité Fournisseurs Industriels (H/F)	https://careers.thalesgroup.com/global/en/job/R0323024/Technicien-Conformité-Fournisseurs-Industriels-H-F
0	Industry	Étrelles	Ille-et-Vilaine	Responsable d'activité 2x8 H/F	https://careers.thalesgroup.com/global/en/job/R0314160/Responsable-d-activité-2x8-H-F
0	System	Valbonne	Alpes-Maritimes	Testeur Fonctionnel (F/H)	https://careers.thalesgroup.com/global/en/job/R0309710/Testeur-Fonctionnel-F-H
0	System	Gennevilliers	Hauts-de-Seine	Ingénieur Système et Développement – Domaine Radio – F/H	https://careers.thalesgroup.com/global/en/job/R0312300/Ingénieur-Système-et-Développement-Domaine-Radio-F-H
0	Customer Service	Valbonne	Alpes-Maritimes	Ingénieur Publication Technique (H/F)	https://careers.thalesgroup.com/global/en/job/R0321408/Ingénieur-Publication-Technique-H-F
0	Engineering and Technical Management	Vélizy-Villacoublay	Yvelines	Responsable IVVQ F/H	https://careers.thalesgroup.com/global/en/job/R0321800/Responsable-IVVQ-F-H
0	Software	Valbonne	Alpes-Maritimes	Ingénieur Validation Vérification Logiciel - IVVQ (F/H)	https://careers.thalesgroup.com/global/en/job/R0313469/Ingénieur-Validation-Vérification-Logiciel-IVVQ-F-H
0	System	Toulouse	Haute-Garonne	Intégrateur Solutions de Cybersécurité F/H	https://careers.thalesgroup.com/global/en/job/R0322809/Intégrateur-Solutions-de-Cybersécurité-F-H
0	Information Systems - Information Technology	La Ferté-Saint-Aubin	Loiret	Responsable Application Métier F.H	https://careers.thalesgroup.com/global/en/job/R0319740/Responsable-Application-Métier-F-H
0	Hardware	La Ferté-Saint-Aubin	Loiret	Ingénieur pyrotechnique - F/H	https://careers.thalesgroup.com/global/en/job/R0294056/Ingénieur-pyrotechnique-F-H
0	Engineering and Technical specialities	Élancourt	Yvelines	Consultant Cybersécurité – Purple Team (H/F)	https://careers.thalesgroup.com/global/en/job/R0306897/Consultant-Cybersécurité-Purple-Team-H-F
0	Software	Toulouse	Haute-Garonne	Architecte logiciels embarqués/ (H/F)	https://careers.thalesgroup.com/global/en/job/R0299231/Architecte-logiciels-embarqués-H-F
0	Customer Service	Carquefou		Administrateur Système et Sécurité (H/F)	https://careers.thalesgroup.com/global/en/job/R0310161/Administrateur-Système-et-Sécurité-H-F
1	Hardware	Gennevilliers	Hauts-de-Seine	Ingénieur Développement FPGA et Traitement du Signal – H/F	https://careers.thalesgroup.com/global/en/job/R0308588/Ingénieur-Développement-FPGA-et-Traitement-du-Signal-H-F
0	Procurement	Vélizy-Villacoublay	Yvelines	Responsable projet  Cybersécurité Achat	https://careers.thalesgroup.com/global/en/job/R0292768/Responsable-projet-Cybersécurité-Achat
0	Industry	Pont-Audemer	Eure	Opérateur Montage Câblage (F/H)	https://careers.thalesgroup.com/global/en/job/R0318171/Opérateur-Montage-Câblage-F-H
0	System	Toulouse	Haute-Garonne	Ingénieur Couche Physique & TNS - H/F	https://careers.thalesgroup.com/global/en/job/R0294998/Ingénieur-Couche-Physique-TNS-H-F
0	Finance	Vélizy-Villacoublay	Yvelines	Gestionnaire Financier des Contrats H/F	https://careers.thalesgroup.com/global/en/job/R0303878/Gestionnaire-Financier-des-Contrats-H-F
0	Industry	Étrelles	Ille-et-Vilaine	Ingénieur Méthode Produit Série H/F	https://careers.thalesgroup.com/global/en/job/R0316397/Ingénieur-Méthode-Produit-Série-H-F
0	Industry	Limours	Essonne	Ingénieur Méthodes Flux/Magasin F/H	https://careers.thalesgroup.com/global/en/job/R0318704/Ingénieur-Méthodes-Flux-Magasin-F-H
1	Engineering and Technical specialities	Vélizy-Villacoublay	Yvelines	Data Engineer GCP (H/F)	https://careers.thalesgroup.com/global/en/job/R0309805/Data-Engineer-GCP-H-F
0	Strategy, Marketing, Sales	La Ferté-Saint-Aubin	Loiret	Sales Manager, Defence and Government - Domestic (H/F)	https://careers.thalesgroup.com/global/en/job/R0304242/Sales-Manager-Defence-and-Government-Domestic-H-F
0	Software	Carquefou		LEAD/ARCHITECTE DEVOPS CLOUD (H/F)	https://careers.thalesgroup.com/global/en/job/R0312158/LEAD-ARCHITECTE-DEVOPS-CLOUD-H-F
0	Bid and Project Management	Massy	Essonne	Project Manager Adjoint (F/H)	https://careers.thalesgroup.com/global/en/job/R0325542/Project-Manager-Adjoint-F-H
0	Finance	Cholet	Maine-et-Loire	Responsable du Contrôle de Gestion Industriel F/H	https://careers.thalesgroup.com/global/en/job/R0323412/Responsable-du-Contrôle-de-Gestion-Industriel-F-H
0	Engineering and Technical specialities	Meudon	Hauts-de-Seine	Senior UI Designer F/H	https://careers.thalesgroup.com/global/en/job/R0317774/Senior-UI-Designer-F-H
0	Bid and Project Management	Massy	Essonne	Responsable Compétitivité (F/H)	https://careers.thalesgroup.com/global/en/job/R0324870/Responsable-Compétitivité-F-H
0	System	Gennevilliers	Hauts-de-Seine	Design Authority Radio et Responsable  Technique des partenariats - F/H	https://careers.thalesgroup.com/global/en/job/R0319946/Design-Authority-Radio-et-Responsable-Technique-des-partenariats-F-H
0	Industry	Vendôme	Loir-et-Cher	Master Planner - F/H	https://careers.thalesgroup.com/global/en/job/R0307876/Master-Planner-F-H
0	Bid and Project Management	Vélizy-Villacoublay	Yvelines	Program Manager Finances	https://careers.thalesgroup.com/global/en/job/R0308593/Program-Manager-Finances
1	Engineering and Technical specialities	Élancourt	Yvelines	Ingénieur Docteur en traitement du signal RADAR-SAR H/F	https://careers.thalesgroup.com/global/en/job/R0324957/Ingénieur-Docteur-en-traitement-du-signal-RADAR-SAR-H-F
0	Hardware	Cholet	Maine-et-Loire	Responsable d’activité métier FPGA - F/H	https://careers.thalesgroup.com/global/en/job/R0239532/Responsable-d’activité-métier-FPGA-F-H
0	Information Systems - Information Technology	Brest	Finistere	Ingénieur Administrateur Système d'Information F/H	https://careers.thalesgroup.com/global/en/job/R0297954/Ingénieur-Administrateur-Système-d-Information-F-H
0	Hardware	Cannes	Alpes-Maritimes	Architecte Générateur Solaire-F/H	https://careers.thalesgroup.com/global/en/job/R0319991/Architecte-Générateur-Solaire-F-H
0	Engineering and Technical specialities	Lyon 6e Arrondissement	Rhone	Responsable Sécurité Projet	https://careers.thalesgroup.com/global/en/job/R0318468/Responsable-Sécurité-Projet
0	Hardware	Brest	Finistere	Ingénieur Firmware- Software System On Chip (F/H)	https://careers.thalesgroup.com/global/en/job/R0317593/Ingénieur-Firmware-Software-System-On-Chip-F-H
0	Engineering and Technical specialities	Gennevilliers	Hauts-de-Seine	Team Leader conception des Formes d’Onde de Radiocommunication F/H	https://careers.thalesgroup.com/global/en/job/R0282969/Team-Leader-conception-des-Formes-d’Onde-de-Radiocommunication-F-H
0	System	Élancourt	Yvelines	Ingénieur système RF - F/H	https://careers.thalesgroup.com/global/en/job/R0317529/Ingénieur-système-RF-F-H
0	Engineering and Technical Management	Rungis	Val-de-Marne	Infrastructure PO	https://careers.thalesgroup.com/global/en/job/R0321043/Infrastructure-PO
0	Finance	La Ferté-Saint-Aubin	Loiret	Comptable fournisseur	https://careers.thalesgroup.com/global/en/job/R0286117/Comptable-fournisseur
0	Information Systems - Information Technology	Carquefou	Loire-Atlantique	Tech lead ServiceNow H/F	https://careers.thalesgroup.com/global/en/job/R0312162/Tech-lead-ServiceNow-H-F
0	System	Limours	Essonne	Ingénieur systèmes F/H	https://careers.thalesgroup.com/global/en/job/R0324867/Ingénieur-systèmes-F-H
0	System	Gennevilliers	Hauts-de-Seine	Architecte Système - Planification Aéro - F/H	https://careers.thalesgroup.com/global/en/job/R0313345/Architecte-Système-Planification-Aéro-F-H
0	Software	Paris 9e Arrondissement		Ingénieur SRE	https://careers.thalesgroup.com/global/en/job/R0308269/Ingénieur-SRE
0	Industry	Cholet	Maine-et-Loire	Ingénieur Ordonnancement et Planification (H/F)	https://careers.thalesgroup.com/global/en/job/R0292824/Ingénieur-Ordonnancement-et-Planification-H-F
0	Finance	La Ferté-Saint-Aubin	Loiret	Contrôleur de Gestion industriel(H/F)	https://careers.thalesgroup.com/global/en/job/R0295793/Contrôleur-de-Gestion-industriel-H-F
0	Bid and Project Management	Brest	Finistere	Ingénieur Offres hardware (F/H)	https://careers.thalesgroup.com/global/en/job/R0308605/Ingénieur-Offres-hardware-F-H
0	Engineering and Technical Management	Vélizy-Villacoublay	Yvelines	Ingénieur Validation Verification Socle F/H	https://careers.thalesgroup.com/global/en/job/R0313979/Ingénieur-Validation-Verification-Socle-F-H
0	Industry	Cholet	Maine-et-Loire	Technicien Intégration et Test (H/F)	https://careers.thalesgroup.com/global/en/job/R0318234/Technicien-Intégration-et-Test-H-F
0	Other	Élancourt	Yvelines	Juriste Contract Manager-  Optronique et Electronique de Missile  H/F	https://careers.thalesgroup.com/global/en/job/R0315059/Juriste-Contract-Manager-Optronique-et-Electronique-de-Missile-H-F
0	Bid and Project Management	Gennevilliers	Hauts-de-Seine	Responsable d’Offres – Produits de Radiocommunications Terrestres - F/H	https://careers.thalesgroup.com/global/en/job/R0323997/Responsable-d’Offres-Produits-de-Radiocommunications-Terrestres-F-H
0	System	Massy	Essonne	Ingénieur Système - Sol / Air (F/H)	https://careers.thalesgroup.com/global/en/job/R0318057/Ingénieur-Système-Sol-Air-F-H
0	Customer Service	Étrelles	Ille-et-Vilaine	Ingénieur Soutien Technique Produit (H/F)	https://careers.thalesgroup.com/global/en/job/R0319733/Ingénieur-Soutien-Technique-Produit-H-F
0	Engineering and Technical Management	Vélizy-Villacoublay	Yvelines	Responsable IVVQ – Système de protection de site H/F	https://careers.thalesgroup.com/global/en/job/R0321736/Responsable-IVVQ-Système-de-protection-de-site-H-F
0	Software	Brest	Finistere	Ingénieur Développement Logiciel Fullstack – Java/JavaFX (F/H)	https://careers.thalesgroup.com/global/en/job/R0316706/Ingénieur-Développement-Logiciel-Fullstack-Java-JavaFX-F-H
0	System	Toulouse	Haute-Garonne	Délégué RAN4 F/H	https://careers.thalesgroup.com/global/en/job/R0304184/Délégué-RAN4-F-H
0	Hardware	Élancourt	Yvelines	Technicien Placement Routage Carte Electronique  (F/H)	https://careers.thalesgroup.com/global/en/job/R0313025/Technicien-Placement-Routage-Carte-Electronique-F-H
0	Hardware	Bordeaux	Gironde	Technicien Essais en Environnements - Compatibilité Electro-Magnétique (CEM) (F/H)	https://careers.thalesgroup.com/global/en/job/R0313971/Technicien-Essais-en-Environnements-Compatibilité-Electro-Magnétique-CEM-F-H
0	Engineering and Technical specialities	Limours	Essonne	Ingénieur OS & Cybersécurité Confirmé H/F	https://careers.thalesgroup.com/global/en/job/R0315762/Ingénieur-OS-Cybersécurité-Confirmé-H-F
0	Hardware	Élancourt	Yvelines	Ingénieur physico-chimie spécialiste matériaux  H/F	https://careers.thalesgroup.com/global/en/job/R0313771/Ingénieur-physico-chimie-spécialiste-matériaux-H-F
0	Software	Vélizy-Villacoublay	Yvelines	Architecte Cloud GCP H/F	https://careers.thalesgroup.com/global/en/job/R0305850/Architecte-Cloud-GCP-H-F
0	HSE, Real Estate, Security, Personal Assistance, Medical Welfare	Gémenos	Bouches-du-Rhone	Médecin du travail F/H	https://careers.thalesgroup.com/global/en/job/R0324416/Médecin-du-travail-F-H
0	Industry	Limours	Essonne	Ingénieur Maintenance F/H	https://careers.thalesgroup.com/global/en/job/R0318720/Ingénieur-Maintenance-F-H
1	Engineering and Technical specialities	Lambersart	Nord	Data Engineer Visualisation Qlik et Power BI (minimum 4 ans d'expérience) - F/H	https://careers.thalesgroup.com/global/en/job/R0305990/Data-Engineer-Visualisation-Qlik-et-Power-BI-minimum-4-ans-d-expérience-F-H
0	Engineering and Technical specialities	Toulouse	Haute-Garonne	Ingénieur R&D en Télédétection, Modélisation et Physique de l’Atmosphère (H/F)	https://careers.thalesgroup.com/global/en/job/R0301418/Ingénieur-R-D-en-Télédétection-Modélisation-et-Physique-de-l’Atmosphère-H-F
1	Engineering and Technical specialities	Toulouse	Haute-Garonne	Data Engineer Expérimenté Azure Databricks (H/F)	https://careers.thalesgroup.com/global/en/job/R0305283/Data-Engineer-Expérimenté-Azure-Databricks-H-F
0	Industry	Toulouse	Haute-Garonne	Responsable Support Produit-F/H	https://careers.thalesgroup.com/global/en/job/R0325167/Responsable-Support-Produit-F-H
0	Bid and Project Management	Cannes	Alpes-Maritimes	JV-MPS (Master Production Schedule) Supervisor Manager-F/H	https://careers.thalesgroup.com/global/en/job/R0318251/JV-MPS-Master-Production-Schedule-Supervisor-Manager-F-H
0	Engineering and Technical specialities	La Ciotat	Bouches-du-Rhone	Database Engineering Specialist (H/F)	https://careers.thalesgroup.com/global/en/job/R0312121/Database-Engineering-Specialist-H-F
0	Engineering and Technical specialities	Gennevilliers	Hauts-de-Seine	Ingénieur Système GESA F/H	https://careers.thalesgroup.com/global/en/job/R0320413/Ingénieur-Système-GESA-F-H
0	Information Systems - Information Technology	Élancourt	Yvelines	Administrateur systèmes Linux H/F	https://careers.thalesgroup.com/global/en/job/R0299402/Administrateur-systèmes-Linux-H-F
0	Finance	Vélizy-Villacoublay	Yvelines	Comptable Clients H/F	https://careers.thalesgroup.com/global/en/job/R0304407/Comptable-Clients-H-F
0	Information Systems - Information Technology	Toulouse	Haute-Garonne	Spécialiste SAP - MRP domaine - F/H	https://careers.thalesgroup.com/global/en/job/R0310223/Spécialiste-SAP-MRP-domaine-F-H
0	Hardware	Élancourt	Yvelines	Responsable des Moyens d'essais Antennes (IVV) F/H	https://careers.thalesgroup.com/global/en/job/R0324233/Responsable-des-Moyens-d-essais-Antennes-IVV-F-H
0	Customer Service	Carquefou		Administrateur Système (H/F)	https://careers.thalesgroup.com/global/en/job/R0313732/Administrateur-Système-H-F
0	Software	Élancourt	Yvelines	Responsable Ingénierie Logiciel  - Solutions de test hyperfréquence F.H	https://careers.thalesgroup.com/global/en/job/R0295717/Responsable-Ingénierie-Logiciel-Solutions-de-test-hyperfréquence-F-H
0	Industry	Brest	Finistere	Ingénieur Intégration Treuils (H/F)	https://careers.thalesgroup.com/global/en/job/R0324232/Ingénieur-Intégration-Treuils-H-F
0	Hardware	Châtellerault	Vienne	Ingénieur électronique analogique (F/H)	https://careers.thalesgroup.com/global/en/job/R0311515/Ingénieur-électronique-analogique-F-H
0	Industry	Valbonne	Alpes-Maritimes	Câbleur filaire confirmé (H/F)	https://careers.thalesgroup.com/global/en/job/R0324237/Câbleur-filaire-confirmé-H-F
0	System	Rungis	Val-de-Marne	Ingénieur Système SAMP/T NG (F/H)	https://careers.thalesgroup.com/global/en/job/R0316213/Ingénieur-Système-SAMP-T-NG-F-H
0	HSE, Real Estate, Security, Personal Assistance, Medical Welfare	Vélizy-Villacoublay	Yvelines	Directeur d'établissement (IDF Sud) F/H	https://careers.thalesgroup.com/global/en/job/R0311583/Directeur-d-établissement-IDF-Sud-F-H
0	Engineering and Technical Management	Vélizy-Villacoublay	Yvelines	Responsable technique F/H	https://careers.thalesgroup.com/global/en/job/R0315874/Responsable-technique-F-H
0	Software	Cergy	Val-d'Oise	Ingénieur automatique (F/H)	https://careers.thalesgroup.com/global/en/job/R0320894/Ingénieur-automatique-F-H
0	Bid and Project Management	Élancourt	Yvelines	Program Manager IT H/F	https://careers.thalesgroup.com/global/en/job/R0325057/Program-Manager-IT-H-F
0	Customer Service	Fleury-les-Aubrais	Loiret	Responsable Veille d’Obsolescences-pérennité/Stocks Stratégiques (H/F)	https://careers.thalesgroup.com/global/en/job/R0319910/Responsable-Veille-d’Obsolescences-pérennité-Stocks-Stratégiques-H-F
0	Hardware	Élancourt	Yvelines	Ingénieur étude optronique H/F	https://careers.thalesgroup.com/global/en/job/R0325780/Ingénieur-étude-optronique-H-F
0	Industry	Laval	Mayenne	Technicien MCO Solutions de Tests (F/H)	https://careers.thalesgroup.com/global/en/job/R0319802/Technicien-MCO-Solutions-de-Tests-F-H
0	Software	Carquefou		Service Delivery Manager (F/H)	https://careers.thalesgroup.com/global/en/job/R0312144/Service-Delivery-Manager-F-H
0	System	Cannes	Alpes-Maritimes	Architecte électrique et puissance programme Stratobus F/H	https://careers.thalesgroup.com/global/en/job/R0314104/Architecte-électrique-et-puissance-programme-Stratobus-F-H
0	Bid and Project Management	Élancourt	Yvelines	Project Manager R&D (F/H)	https://careers.thalesgroup.com/global/en/job/R0324278/Project-Manager-R-D-F-H
0	Software	Vélizy-Villacoublay	Yvelines	Ingénieur d’Etudes et Développement Systèmes Embarqués (F/H)	https://careers.thalesgroup.com/global/en/job/R0320052/Ingénieur-d’Etudes-et-Développement-Systèmes-Embarqués-F-H
0	Engineering and Technical specialities	Toulouse	Haute-Garonne	Ingénieur Cyber Sécurité Manager (CSM) (F/H)	https://careers.thalesgroup.com/global/en/job/R0295603/Ingénieur-Cyber-Sécurité-Manager-CSM-F-H
0	Industry	Vélizy-Villacoublay	Yvelines	Technicien de Maintenance Equipements Electroniques et Alimentation Haute Tension H/F	https://careers.thalesgroup.com/global/en/job/R0316491/Technicien-de-Maintenance-Equipements-Electroniques-et-Alimentation-Haute-Tension-H-F
1	Software	Gémenos	Bouches-du-Rhone	Software Solution Engineer - Secure & Cloud Platform (F/H)	https://careers.thalesgroup.com/global/en/job/R0309245/Software-Solution-Engineer-Secure-Cloud-Platform-F-H
0	System	Limours	Essonne	Ingénieur IVVQ F/H	https://careers.thalesgroup.com/global/en/job/R0324893/Ingénieur-IVVQ-F-H
0	Industry	Étrelles	Ille-et-Vilaine	Planificateur Industriel - Ordonnanceur F/H	https://careers.thalesgroup.com/global/en/job/R0322977/Planificateur-Industriel-Ordonnanceur-F-H
0	Software	Limours	Essonne	Architecte développement logiciel temps-réel - JAVA & C F.H	https://careers.thalesgroup.com/global/en/job/R0323072/Architecte-développement-logiciel-temps-réel-JAVA-C-F-H
0	Software	Limours	Essonne	Ingénieur développement logiciel temps réel embarqué H/F	https://careers.thalesgroup.com/global/en/job/R0316361/Ingénieur-développement-logiciel-temps-réel-embarqué-H-F
0	System	Élancourt	Yvelines	Responsable Technique Système F/H	https://careers.thalesgroup.com/global/en/job/R0286041/Responsable-Technique-Système-F-H
0	Engineering and Technical Management	Brest	Finistere	Responsable offre d'ingénierie système (F/H)	https://careers.thalesgroup.com/global/en/job/R0318261/Responsable-offre-d-ingénierie-système-F-H
0	Customer Service	Bordeaux	Gironde	Assistant Technique Rafale sur Base en Inde (F/H)	https://careers.thalesgroup.com/global/en/job/R0305201/Assistant-Technique-Rafale-sur-Base-en-Inde-F-H
0	System	Limours	Essonne	Architecte Système Radar F/H	https://careers.thalesgroup.com/global/en/job/R0296119/Architecte-Système-Radar-F-H
0	Bid and Project Management	La Ferté-Saint-Aubin	Loiret	Responsable Projets (H/F)	https://careers.thalesgroup.com/global/en/job/R0317253/Responsable-Projets-H-F
0	Software	Paris 9e Arrondissement		SRE Customer Journey	https://careers.thalesgroup.com/global/en/job/R0299954/SRE-Customer-Journey
0	Engineering and Technical Management	Rouen	Seine-Maritime	Responsable Ingénierie Systèmes (H/F)	https://careers.thalesgroup.com/global/en/job/R0316035/Responsable-Ingénierie-Systèmes-H-F
0	Procurement	La Ferté-Saint-Aubin	Loiret	Spécialiste Performance Industrielle Fournisseurs F/H	https://careers.thalesgroup.com/global/en/job/R0320438/Spécialiste-Performance-Industrielle-Fournisseurs-F-H
0	Software	Paris 9e Arrondissement		SRE Data (H/F)	https://careers.thalesgroup.com/global/en/job/R0314759/SRE-Data-H-F
0	Industry	Étrelles	Ille-et-Vilaine	Responsable Industrialisation Produit et Transfert Industriel (H/F)	https://careers.thalesgroup.com/global/en/job/R0323441/Responsable-Industrialisation-Produit-et-Transfert-Industriel-H-F
0	Hardware	La Ferté-Saint-Aubin	Loiret	Architecte Pyrotechnique	https://careers.thalesgroup.com/global/en/job/R0306196/Architecte-Pyrotechnique
0	Industry	Toulouse	Haute-Garonne	Technicien production érosion-F/H	https://careers.thalesgroup.com/global/en/job/R0313749/Technicien-production-érosion-F-H
0	Industry	Vélizy-Villacoublay	Yvelines	Câbleur CMS & filaire - F/H	https://careers.thalesgroup.com/global/en/job/R0310564/Câbleur-CMS-filaire-F-H
0	Software	Paris	Paris	(SRE) Site Reliability Engineer CyberOps (H/F)	https://careers.thalesgroup.com/global/en/job/R0316006/-SRE-Site-Reliability-Engineer-CyberOps-H-F
0	Customer Service	Fleury-les-Aubrais	Loiret	Assistant Technique Client Radar SAMP/T (H/F)	https://careers.thalesgroup.com/global/en/job/R0325489/Assistant-Technique-Client-Radar-SAMP-T-H-F
0	Hardware	Brest	Finistere	Architecte électronique (F/H)	https://careers.thalesgroup.com/global/en/job/R0308262/Architecte-électronique-F-H
0	Engineering and Technical specialities	Rennes		Ingénieur cyberdéfense – Analyste Reverse  Engineering confirmé (F/H)	https://careers.thalesgroup.com/global/en/job/R0320251/Ingénieur-cyberdéfense-Analyste-Reverse-Engineering-confirmé-F-H
0	Hardware	Limours	Essonne	Technicien bureau d'étude électrotechnique (F/H)	https://careers.thalesgroup.com/global/en/job/R0319438/Technicien-bureau-d-étude-électrotechnique-F-H
0	Software	Toulouse	Haute-Garonne	Ingénieur Développement Logiciel ATC (Air Traffic Control) (H/F)	https://careers.thalesgroup.com/global/en/job/R0316600/Ingénieur-Développement-Logiciel-ATC-Air-Traffic-Control-H-F
0	Industry	Cholet	Maine-et-Loire	Chef de projet supply chain - cartes électroniques (F/H)	https://careers.thalesgroup.com/global/en/job/R0291713/Chef-de-projet-supply-chain-cartes-électroniques-F-H
0	Engineering and Technical Management	Toulouse	Haute-Garonne	CAM/EDM Payload instances Ku SPI	https://careers.thalesgroup.com/global/en/job/R0299302/CAM-EDM-Payload-instances-Ku-SPI
0	System	Limours	Essonne	Technicien IVV F/H	https://careers.thalesgroup.com/global/en/job/R0322499/Technicien-IVV-F-H
0	Industry	Étrelles	Ille-et-Vilaine	Responsable service Intégration et Test (H/F)	https://careers.thalesgroup.com/global/en/job/R0323437/Responsable-service-Intégration-et-Test-H-F
0	Customer Service	Brest	Finistere	Assistant Technique Client - F/H	https://careers.thalesgroup.com/global/en/job/R0325461/Assistant-Technique-Client-F-H
0	Industry	Châtellerault	Vienne	Responsable ligne de production (H/F)	https://careers.thalesgroup.com/global/en/job/R0323015/Responsable-ligne-de-production-H-F
0	Procurement	Valbonne	Alpes-Maritimes	Bid & Project Procurement Manager UWS	https://careers.thalesgroup.com/global/en/job/R0317129/Bid-Project-Procurement-Manager-UWS
0	Engineering and Technical Management	Brest	Finistere	Responsable Ingénierie Système et Offres - Lutte Anti Sous-Marine (F/H)	https://careers.thalesgroup.com/global/en/job/R0320278/Responsable-Ingénierie-Système-et-Offres-Lutte-Anti-Sous-Marine-F-H
0	Engineering and Technical specialities	Vélizy-Villacoublay	Yvelines	Architecte sécurité PKI (H/F)	https://careers.thalesgroup.com/global/en/job/R0319297/Architecte-sécurité-PKI-H-F
0	Software	Carquefou		Ingénieur(e) Test et Validation	https://careers.thalesgroup.com/global/en/job/R0317405/Ingénieur-e-Test-et-Validation
0	Engineering and Technical specialities	Toulouse	Haute-Garonne	Cyber Leader for BIDs on Navigation Domain  (F/H)	https://careers.thalesgroup.com/global/en/job/R0294832/Cyber-Leader-for-BIDs-on-Navigation-Domain-F-H
0	System	Gennevilliers	Hauts-de-Seine	Ingénieur Vérification et Validation Solutions de Cybersécurité F/H	https://careers.thalesgroup.com/global/en/job/R0313770/Ingénieur-Vérification-et-Validation-Solutions-de-Cybersécurité-F-H
0	Hardware	Toulouse	Haute-Garonne	Architecte Solutions Electroniques Numériques - F/H	https://careers.thalesgroup.com/global/en/job/R0299038/Architecte-Solutions-Electroniques-Numériques-F-H
1	Engineering and Technical specialities	Gennevilliers	Hauts-de-Seine	Ingénieur IA sur système de cybersécurité F/H	https://careers.thalesgroup.com/global/en/job/R0307778/Ingénieur-IA-sur-système-de-cybersécurité-F-H
0	Software	Rennes	Ille-et-Vilaine	Architecte Cloud GCP H/F	https://careers.thalesgroup.com/global/en/job/R0306672/Architecte-Cloud-GCP-H-F
0	Engineering and Technical specialities	Gennevilliers	Hauts-de-Seine	Responsable Gestion de Configuration Système - F/H	https://careers.thalesgroup.com/global/en/job/R0307383/Responsable-Gestion-de-Configuration-Système-F-H
0	System	Élancourt	Yvelines	Ingénieur Système Radiofréquence - H/F	https://careers.thalesgroup.com/global/en/job/R0324163/Ingénieur-Système-Radiofréquence-H-F
0	Software	Limours	Essonne	Ingenieur Développement et Intégration Logiciel F.H	https://careers.thalesgroup.com/global/en/job/R0310504/Ingenieur-Développement-et-Intégration-Logiciel-F-H
0	Industry	Rouen	Seine-Maritime	Technicien Qualité F/H	https://careers.thalesgroup.com/global/en/job/R0319274/Technicien-Qualité-F-H
0	Other	Vélizy-Villacoublay	Yvelines	Juriste Contract Manager H/F	https://careers.thalesgroup.com/global/en/job/R0304442/Juriste-Contract-Manager-H-F
0	Industry	Vendôme	Loir-et-Cher	Responsable d'activité méthodes industrielles - F/H	https://careers.thalesgroup.com/global/en/job/R0320091/Responsable-d-activité-méthodes-industrielles-F-H
0	Industry	Élancourt	Yvelines	Architecte Industriel Produits et Process F/H	https://careers.thalesgroup.com/global/en/job/R0321637/Architecte-Industriel-Produits-et-Process-F-H
0	Customer Service	Brest	Finistere	Ingénieur publication technique (H/F)	https://careers.thalesgroup.com/global/en/job/R0321281/Ingénieur-publication-technique-H-F
0	HSE, Real Estate, Security, Personal Assistance, Medical Welfare	La Ferté-Saint-Aubin	Loiret	ingénieur HSE H/F	https://careers.thalesgroup.com/global/en/job/R0311560/ingénieur-HSE-H-F
0	Software	Vélizy-Villacoublay	Yvelines	Ingénieur Développement Logiciel Embarqué F.H	https://careers.thalesgroup.com/global/en/job/R0316997/Ingénieur-Développement-Logiciel-Embarqué-F-H
0	Engineering and Technical Management	Élancourt	Yvelines	Responsable IVVQ Système F/H	https://careers.thalesgroup.com/global/en/job/R0310526/Responsable-IVVQ-Système-F-H
0	Hardware	Châtellerault	Vienne	Architecte Hardware - Produits Navigation (F/H)	https://careers.thalesgroup.com/global/en/job/R0311480/Architecte-Hardware-Produits-Navigation-F-H
0	Engineering and Technical specialities	Vélizy-Villacoublay	Yvelines	Senior Designer - Thales Design System	https://careers.thalesgroup.com/global/en/job/R0302225/Senior-Designer-Thales-Design-System
1	Engineering and Technical specialities	Vélizy-Villacoublay	Yvelines	AI Experience and Design Lead F/H	https://careers.thalesgroup.com/global/en/job/R0317291/AI-Experience-and-Design-Lead-F-H
0	Engineering and Technical Management	Limours	Essonne	Architecte et PDA innovation Radar F/H	https://careers.thalesgroup.com/global/en/job/R0319970/Architecte-et-PDA-innovation-Radar-F-H
0	Engineering and Technical Management	La Ferté-Saint-Aubin	Loiret	Ingénieur Amélioration Continue F/H	https://careers.thalesgroup.com/global/en/job/R0308036/Ingénieur-Amélioration-Continue-F-H
0	Software	Vélizy-Villacoublay	Yvelines	INGENIEUR(E) ETUDE ET DEVELOPPEMENT C/ADA (H/F)	https://careers.thalesgroup.com/global/en/job/R0320092/INGENIEUR-E-ETUDE-ET-DEVELOPPEMENT-C-ADA-H-F
0	Software	Valbonne	Alpes-Maritimes	Technical Product Manager "Cards" (F/H)	https://careers.thalesgroup.com/global/en/job/R0302823/Technical-Product-Manager-Cards-F-H
0	Engineering and Technical specialities	Toulouse	Haute-Garonne	Security Engineer SOC (F/H)	https://careers.thalesgroup.com/global/en/job/R0309399/Security-Engineer-SOC-F-H
0	Engineering and Technical Management	Massy	Essonne	Engineering Delivery Manager - Projet (F/H)	https://careers.thalesgroup.com/global/en/job/R0324766/Engineering-Delivery-Manager-Projet-F-H
0	Industry	Brest	Finistere	Technicien Test / Intégration Treuils (H/F)	https://careers.thalesgroup.com/global/en/job/R0315499/Technicien-Test-Intégration-Treuils-H-F
0	Software	Vélizy-Villacoublay	Yvelines	Ingénieur(e) Intégration, tests et validation Logiciel Confirmé (F/H)	https://careers.thalesgroup.com/global/en/job/R0320049/Ingénieur-e-Intégration-tests-et-validation-Logiciel-Confirmé-F-H
0	Hardware	Gennevilliers	Hauts-de-Seine	Responsable développement équipements électroniques F/H	https://careers.thalesgroup.com/global/en/job/R0306702/Responsable-développement-équipements-électroniques-F-H
0	Software	Carquefou	Loire-Atlantique	Tech Lead (F/H)	https://careers.thalesgroup.com/global/en/job/R0312647/Tech-Lead-F-H
0	System	Vélizy-Villacoublay	Yvelines	Ingénieur(e) Systèmes spécification des exigences	https://careers.thalesgroup.com/global/en/job/R0308321/Ingénieur-e-Systèmes-spécification-des-exigences
0	Industry	Élancourt	Yvelines	Ingénieur Support Produit F/H	https://careers.thalesgroup.com/global/en/job/R0304633/Ingénieur-Support-Produit-F-H
0	Software	Valbonne	Alpes-Maritimes	Ingénieur Etudes et Développement C++ (F/H)	https://careers.thalesgroup.com/global/en/job/R0310703/Ingénieur-Etudes-et-Développement-C-F-H
0	System	Limours	Essonne	Architecte Software Digital Radar F.H	https://careers.thalesgroup.com/global/en/job/R0324211/Architecte-Software-Digital-Radar-F-H
0	Bid and Project Management	Vélizy-Villacoublay	Yvelines	Bid Manager (H/F)	https://careers.thalesgroup.com/global/en/job/R0322393/Bid-Manager-H-F
0	Software	Toulouse	Haute-Garonne	Ingénieur IVVQ sur les Systèmes ATC (Air Traffic Control) (H/F)	https://careers.thalesgroup.com/global/en/job/R0286933/Ingénieur-IVVQ-sur-les-Systèmes-ATC-Air-Traffic-Control-H-F
0	Software	Toulouse	Haute-Garonne	Ingénieur Architecte Logiciel sur Systèmes ATM (F/H)	https://careers.thalesgroup.com/global/en/job/R0316601/Ingénieur-Architecte-Logiciel-sur-Systèmes-ATM-F-H
0	Bid and Project Management	Gennevilliers	Hauts-de-Seine	Responsable Offres et Projets Connectivité SATCOM F/H	https://careers.thalesgroup.com/global/en/job/R0322738/Responsable-Offres-et-Projets-Connectivité-SATCOM-F-H
0	Industry	La Ferté-Saint-Aubin	Loiret	Responsable Produits Série - F/H	https://careers.thalesgroup.com/global/en/job/R0325083/Responsable-Produits-Série-F-H
0	Industry	Étrelles	Ille-et-Vilaine	Technicien de Test F/H	https://careers.thalesgroup.com/global/en/job/R0240375/Technicien-de-Test-F-H
0	Software	Élancourt	Yvelines	Ingénieur Logiciel Moyens de Test (F/H)	https://careers.thalesgroup.com/global/en/job/R0319024/Ingénieur-Logiciel-Moyens-de-Test-F-H
0	Bid and Project Management	Toulouse	Haute-Garonne	Chef de projets Infrastructure (F/H)	https://careers.thalesgroup.com/global/en/job/R0313975/Chef-de-projets-Infrastructure-F-H
0	Software	Toulouse	Haute-Garonne	Ingénieur IVVQ Système bord ou sol dans le Spatial (F/H)	https://careers.thalesgroup.com/global/en/job/R0315887/Ingénieur-IVVQ-Système-bord-ou-sol-dans-le-Spatial-F-H
0	Engineering and Technical Management	Élancourt	Yvelines	Engineering Delivery Manager Radar (F/H)	https://careers.thalesgroup.com/global/en/job/R0317160/Engineering-Delivery-Manager-Radar-F-H
0	Software	Paris	Paris	Expert Landing Zone & IAM Google Cloud  H/F	https://careers.thalesgroup.com/global/en/job/R0305847/Expert-Landing-Zone-IAM-Google-Cloud-H-F
0	Engineering and Technical Management	Élancourt	Yvelines	Responsable IVVQ Système H/F	https://careers.thalesgroup.com/global/en/job/R0323827/Responsable-IVVQ-Système-H-F
0	Industry	Limours	Essonne	Ingénieur Méthodes Atelier Câblage F/H	https://careers.thalesgroup.com/global/en/job/R0318697/Ingénieur-Méthodes-Atelier-Câblage-F-H
0	Industry	Limours	Essonne	Responsable pôle stratégie et procédés technologiques F/H	https://careers.thalesgroup.com/global/en/job/R0319272/Responsable-pôle-stratégie-et-procédés-technologiques-F-H
0	Engineering and Technical specialities	Élancourt	Yvelines	Analyste Confirmé Cyber Threat Intelligence (CTI) (H/F)	https://careers.thalesgroup.com/global/en/job/R0324289/Analyste-Confirmé-Cyber-Threat-Intelligence-CTI-H-F
0	System	Élancourt	Yvelines	Architecte système aéronautique F/H	https://careers.thalesgroup.com/global/en/job/R0307543/Architecte-système-aéronautique-F-H
0	Software	Carquefou	Loire-Atlantique	Développeur.se Web Fullstack	https://careers.thalesgroup.com/global/en/job/R0312646/Développeur-se-Web-Fullstack
0	Customer Service	Lambersart	Nord	Ingénieur Système et Sécurité	https://careers.thalesgroup.com/global/en/job/R0314025/Ingénieur-Système-et-Sécurité
0	Software	La Ciotat	Bouches-du-Rhone	Technical Tools coordinator (F/H)	https://careers.thalesgroup.com/global/en/job/R0308632/Technical-Tools-coordinator-F-H
0	Software	Lambersart	Nord	Ingénieur DevOps  H/F	https://careers.thalesgroup.com/global/en/job/R0318897/Ingénieur-DevOps-H-F
0	Industry	Toulouse	Haute-Garonne	Technicien Méthode Mécanique-F/H	https://careers.thalesgroup.com/global/en/job/R0319449/Technicien-Méthode-Mécanique-F-H
0	Industry	La Ferté-Saint-Aubin	Loiret	Industrial Cost & Performance analyst - F/H	https://careers.thalesgroup.com/global/en/job/R0309990/Industrial-Cost-Performance-analyst-F-H
0	Engineering and Technical Management	Gennevilliers	Hauts-de-Seine	Ingénieur Opérations et relations fournisseurs F/H	https://careers.thalesgroup.com/global/en/job/R0309072/Ingénieur-Opérations-et-relations-fournisseurs-F-H
0	Engineering and Technical specialities	Rennes		Analyste de la menace cybersécurité offensive (F/H)	https://careers.thalesgroup.com/global/en/job/R0319748/Analyste-de-la-menace-cybersécurité-offensive-F-H
0	Industry	Rouen	Seine-Maritime	Responsable Ingénierie des processus industriels F/H	https://careers.thalesgroup.com/global/en/job/R0319311/Responsable-Ingénierie-des-processus-industriels-F-H
0	Industry	Pont-Audemer	Eure	Opérateur Montage Câblage (F/H)	https://careers.thalesgroup.com/global/en/job/R0318281/Opérateur-Montage-Câblage-F-H
0	Engineering and Technical Management	Issy-les-Moulineaux	Hauts-de-Seine	Software Lead & Head of Discipline  F/H	https://careers.thalesgroup.com/global/en/job/R0317109/Software-Lead-Head-of-Discipline-F-H
0	Customer Service	Valbonne	Alpes-Maritimes	Administrateur SysOps (F/H)	https://careers.thalesgroup.com/global/en/job/R0308873/Administrateur-SysOps-F-H
0	Hardware	Gramat	Lot	Technicien de mesure et d’intervention sur site client F/H	https://careers.thalesgroup.com/global/en/job/R0315724/Technicien-de-mesure-et-d’intervention-sur-site-client-F-H
0	Engineering and Technical specialities	Gennevilliers	Hauts-de-Seine	Architecte système Cybersécurité F/H	https://careers.thalesgroup.com/global/en/job/R0317842/Architecte-système-Cybersécurité-F-H
0	System	Rungis	Val-de-Marne	Support site manager - Croatie F/H	https://careers.thalesgroup.com/global/en/job/R0317651/Support-site-manager-Croatie-F-H
0	System	Fleury-les-Aubrais	Loiret	Ingénieur système F/H	https://careers.thalesgroup.com/global/en/job/R0309627/Ingénieur-système-F-H
0	Industry	Pont-Audemer	Eure	Opérateur montage câblage référent (F/H)	https://careers.thalesgroup.com/global/en/job/R0311422/Opérateur-montage-câblage-référent-F-H
0	System	Vélizy-Villacoublay	Yvelines	Ingénieur Validation Support (H/F)	https://careers.thalesgroup.com/global/en/job/R0325439/Ingénieur-Validation-Support-H-F
0	Customer Service	Toulouse	Haute-Garonne	Administrateur SysOps (Windows / Linux) (F/H)	https://careers.thalesgroup.com/global/en/job/R0313421/Administrateur-SysOps-Windows-Linux-F-H
0	System	Limours	Essonne	Ingénieur Systèmes Expert Radar F/H	https://careers.thalesgroup.com/global/en/job/R0325339/Ingénieur-Systèmes-Expert-Radar-F-H
0	Software	Élancourt	Yvelines	Architecte Logiciel essaim de drones F.H	https://careers.thalesgroup.com/global/en/job/R0310859/Architecte-Logiciel-essaim-de-drones-F-H
0	Software	Massy	Essonne	Architecte Logiciel F/H	https://careers.thalesgroup.com/global/en/job/R0320306/Architecte-Logiciel-F-H
0	Software	Carquefou		Ingénieur(e) d'Etudes et Développement Systèmes Embarqués C C++	https://careers.thalesgroup.com/global/en/job/R0317144/Ingénieur-e-d-Etudes-et-Développement-Systèmes-Embarqués-C-C
0	Engineering and Technical Management	Élancourt	Yvelines	System Engineering Manager H/F	https://careers.thalesgroup.com/global/en/job/R0316548/System-Engineering-Manager-H-F
0	System	Valbonne	Alpes-Maritimes	Architecte Infrastructure et sécurité (H/F)	https://careers.thalesgroup.com/global/en/job/R0310356/Architecte-Infrastructure-et-sécurité-H-F
0	Industry	Vélizy-Villacoublay	Yvelines	Technicien Process Habillage & Essais H/F	https://careers.thalesgroup.com/global/en/job/R0318385/Technicien-Process-Habillage-Essais-H-F
0	Software	Noisy Le Grand		Ingénieur AMOA (F/H)	https://careers.thalesgroup.com/global/en/job/R0322179/Ingénieur-AMOA-F-H
0	Bid and Project Management	Rennes	Ille-et-Vilaine	Responsable Offres & Projets (F/H)	https://careers.thalesgroup.com/global/en/job/R0324450/Responsable-Offres-Projets-F-H
0	Engineering and Technical specialities	Gennevilliers	Hauts-de-Seine	Architecte solutions IT F/H	https://careers.thalesgroup.com/global/en/job/R0310709/Architecte-solutions-IT-F-H
0	Software	Vélizy-Villacoublay	Yvelines	Expert OpenStack H/F	https://careers.thalesgroup.com/global/en/job/R0314193/Expert-OpenStack-H-F
0	System	Valbonne	Alpes-Maritimes	Spécialiste Opérationnel - Système SONAR F/H	https://careers.thalesgroup.com/global/en/job/R0319457/Spécialiste-Opérationnel-Système-SONAR-F-H
0	Hardware	Élancourt	Yvelines	Ingénieur des Composants électroniques - F/H	https://careers.thalesgroup.com/global/en/job/R0312558/Ingénieur-des-Composants-électroniques-F-H
0	Engineering and Technical specialities	Vélizy-Villacoublay	Yvelines	Consultant Cybersécurité et Analyse de Risques Systèmes Embarqués (H/F)	https://careers.thalesgroup.com/global/en/job/R0231564/Consultant-Cybersécurité-et-Analyse-de-Risques-Systèmes-Embarqués-H-F
0	Software	Vélizy-Villacoublay	Yvelines	Senior DevOps Engineer  - F/H	https://careers.thalesgroup.com/global/en/job/R0317576/Senior-DevOps-Engineer-F-H
0	Software	Vélizy-Villacoublay	Yvelines	Ingénieur Développement Logiciel Embarqué F.H	https://careers.thalesgroup.com/global/en/job/R0316996/Ingénieur-Développement-Logiciel-Embarqué-F-H
0	System	Vélizy-Villacoublay	Yvelines	Responsable de la Transformation des Environnements d’Ingénierie F/H	https://careers.thalesgroup.com/global/en/job/R0312896/Responsable-de-la-Transformation-des-Environnements-d’Ingénierie-F-H
0	Industry	La Ferté-Saint-Aubin	Loiret	Responsable de production - F/H	https://careers.thalesgroup.com/global/en/job/R0319159/Responsable-de-production-F-H
1	Software	Valbonne	Alpes-Maritimes	Software Solutions Engineer - Java (F/H)	https://careers.thalesgroup.com/global/en/job/R0310702/Software-Solutions-Engineer-Java-F-H
0	Engineering and Technical Management	Massy	Essonne	Responsable de Projets Sous-traitance Ingénierie (H/F)	https://careers.thalesgroup.com/global/en/job/R0313519/Responsable-de-Projets-Sous-traitance-Ingénierie-H-F
0	Finance	Cholet	Maine-et-Loire	Responsable du contrôle de gestion industriel H/F	https://careers.thalesgroup.com/global/en/job/R0312220/Responsable-du-contrôle-de-gestion-industriel-H-F
0	Hardware	Châtellerault	Vienne	Responsable Coordination d’Activités Matérielles (F/H)	https://careers.thalesgroup.com/global/en/job/R0308480/Responsable-Coordination-d’Activités-Matérielles-F-H
0	Customer Service	Bordeaux	Gironde	Opérateur de réparation hydro-mécanicien (F/H)	https://careers.thalesgroup.com/global/en/job/R0317778/Opérateur-de-réparation-hydro-mécanicien-F-H
0	Customer Service	Brest	Finistere	Ingénieur Méthodes Industrialisation H/F	https://careers.thalesgroup.com/global/en/job/R0318480/Ingénieur-Méthodes-Industrialisation-H-F
0	Hardware	Gennevilliers	Hauts-de-Seine	Ingénieur conception électronique fiabiliste F/H	https://careers.thalesgroup.com/global/en/job/R0292102/Ingénieur-conception-électronique-fiabiliste-F-H
0	Industry	Limours	Essonne	Ingénieur des procédés technologiques de fabrication câblage baies (F/H)	https://careers.thalesgroup.com/global/en/job/R0323723/Ingénieur-des-procédés-technologiques-de-fabrication-câblage-baies-F-H
0	Software	Vélizy-Villacoublay	Yvelines	Ingénieur développement C++/QT H/F	https://careers.thalesgroup.com/global/en/job/R0256586/Ingénieur-développement-C-QT-H-F
0	Industry	Limours	Essonne	Monteur cableur F/H	https://careers.thalesgroup.com/global/en/job/R0321267/Monteur-cableur-F-H
0	Hardware	Toulouse	Haute-Garonne	Architecte hyperfréquences H/F	https://careers.thalesgroup.com/global/en/job/R0299049/Architecte-hyperfréquences-H-F
0	Hardware	Gennevilliers	Hauts-de-Seine	Team leader du laboratoire d'ingénierie mécanique F/H	https://careers.thalesgroup.com/global/en/job/R0289845/Team-leader-du-laboratoire-d-ingénierie-mécanique-F-H
0	Engineering and Technical specialities	Vélizy-Villacoublay	Yvelines	Architecte Cybersécurité (H/F)	https://careers.thalesgroup.com/global/en/job/R0291928/Architecte-Cybersécurité-H-F
0	Engineering and Technical Management	Limours	Essonne	Engineering Delivery Manager Radars F/H	https://careers.thalesgroup.com/global/en/job/R0325336/Engineering-Delivery-Manager-Radars-F-H
0	System	Moirans	Isere	Technicien Système de Test (F/H)	https://careers.thalesgroup.com/global/en/job/R0322652/Technicien-Système-de-Test-F-H
0	Finance	Vélizy-Villacoublay	Yvelines	Manager Gestionnaire Financier des Contrats H/F	https://careers.thalesgroup.com/global/en/job/R0303881/Manager-Gestionnaire-Financier-des-Contrats-H-F
0	System	Gennevilliers	Hauts-de-Seine	Product Design Authority (PDA) - Unité de communication Radio SDR Aéro - F/H	https://careers.thalesgroup.com/global/en/job/R0318268/Product-Design-Authority-PDA-Unité-de-communication-Radio-SDR-Aéro-F-H
0	Customer Service	Toulouse	Haute-Garonne	Ingénieur réseaux et sécurité (F/H)	https://careers.thalesgroup.com/global/en/job/R0313417/Ingénieur-réseaux-et-sécurité-F-H
0	Industry	Bordeaux	Gironde	Responsable appel d'offre industrie F/H	https://careers.thalesgroup.com/global/en/job/R0312556/Responsable-appel-d-offre-industrie-F-H
0	Information Systems - Information Technology	Cannes	Alpes-Maritimes	Responsable fonctionnel outils d'ingénierie H/F	https://careers.thalesgroup.com/global/en/job/R0294258/Responsable-fonctionnel-outils-d-ingénierie-H-F
0	Bid and Project Management	Vélizy-Villacoublay	Yvelines	Bid & Project Manager Pôle Space (H/F)	https://careers.thalesgroup.com/global/en/job/R0312928/Bid-Project-Manager-Pôle-Space-H-F
0	System	Toulouse	Haute-Garonne	Ingénieur Intégration Galileo (F/H)	https://careers.thalesgroup.com/global/en/job/R0313587/Ingénieur-Intégration-Galileo-F-H
0	Software	Lambersart	Nord	Ingénieur(e) Cloud - F/H	https://careers.thalesgroup.com/global/en/job/R0313939/Ingénieur-e-Cloud-F-H
0	Information Systems - Information Technology	Vélizy-Villacoublay	Yvelines	Ingénieur Technico-Fonctionnel EDM (OpenText) F/H	https://careers.thalesgroup.com/global/en/job/R0315556/Ingénieur-Technico-Fonctionnel-EDM-OpenText-F-H
0	Hardware	Gennevilliers	Hauts-de-Seine	Ingénieur technologue spécialiste matériaux et procédés	https://careers.thalesgroup.com/global/en/job/R0327980/Ingénieur-technologue-spécialiste-matériaux-et-procédés
0	Strategy, Marketing, Sales	Élancourt	Yvelines	Responsable Commercial Electronique de Missiles H/F	https://careers.thalesgroup.com/global/en/job/R0325951/Responsable-Commercial-Electronique-de-Missiles-H-F
0	Software	Toulouse	Haute-Garonne	Product Owner Logiciel / Ingénieur Système Télécom - H/F	https://careers.thalesgroup.com/global/en/job/R0325903/Product-Owner-Logiciel-Ingénieur-Système-Télécom-H-F
0	Software	Cannes	Alpes-Maritimes	Ingénieur Logiciel Embarqué Algo 2 Target (H/F)	https://careers.thalesgroup.com/global/en/job/R0301494/Ingénieur-Logiciel-Embarqué-Algo-2-Target-H-F
0	System	Élancourt	Yvelines	Ingénieur Intégration Plateforme de test F/H	https://careers.thalesgroup.com/global/en/job/R0326005/Ingénieur-Intégration-Plateforme-de-test-F-H
0	Bid and Project Management	La Ferté-Saint-Aubin	Loiret	Project Manager - F/H	https://careers.thalesgroup.com/global/en/job/R0326068/Project-Manager-F-H
0	System	Toulouse	Haute-Garonne	Ingénieur Développement Logiciel Bancs de test	https://careers.thalesgroup.com/global/en/job/R0326145/Ingénieur-Développement-Logiciel-Bancs-de-test
0	Industry	Villebon-sur-Yvette	Essonne	Technicien Mesures hyperfréquences - (H/F)	https://careers.thalesgroup.com/global/en/job/R0328246/Technicien-Mesures-hyperfréquences-H-F
0	Customer Service	Fleury-les-Aubrais	Loiret	Technicien Client (Système Radar GF 300 SAMP/T  NG) (H/F)	https://careers.thalesgroup.com/global/en/job/R0326374/Technicien-Client-Système-Radar-GF-300-SAMP-T-NG-H-F
0	Hardware	Toulouse	Haute-Garonne	Architecte FPGA/ASIC Numérique - Projet IRIS² - F/H	https://careers.thalesgroup.com/global/en/job/R0295460/Architecte-FPGA-ASIC-Numérique-Projet-IRIS²-F-H
0	Information Systems - Information Technology	Vélizy-Villacoublay	Yvelines	Responsable Technique SAP Clôtures Finance F/H	https://careers.thalesgroup.com/global/en/job/R0318518/Responsable-Technique-SAP-Clôtures-Finance-F-H
0	Information Systems - Information Technology	Gémenos	Bouches-du-Rhone	Project Manager IT & Finance F/H	https://careers.thalesgroup.com/global/en/job/R0309548/Project-Manager-IT-Finance-F-H
0	Information Systems - Information Technology	Gémenos	Bouches-du-Rhone	IT Network Architect F/H	https://careers.thalesgroup.com/global/en/job/R0316504/IT-Network-Architect-F-H
0	System	Élancourt	Yvelines	Technicien IVVQ Hyperfréquence H/F	https://careers.thalesgroup.com/global/en/job/R0324403/Technicien-IVVQ-Hyperfréquence-H-F
0	Bid and Project Management	Élancourt	Yvelines	Responsable Offres et Projets Soutien Rafale (F/H)	https://careers.thalesgroup.com/global/en/job/R0311120/Responsable-Offres-et-Projets-Soutien-Rafale-F-H
0	Hardware	Brest	Finistere	Responsable Offres et Produits Systèmes Mécatroniques et Mécaniques Marine (F/H)	https://careers.thalesgroup.com/global/en/job/R0325928/Responsable-Offres-et-Produits-Systèmes-Mécatroniques-et-Mécaniques-Marine-F-H
0	Bid and Project Management	Gennevilliers	Hauts-de-Seine	Graduate Programme -  Responsable Offres France & Export F/H	https://careers.thalesgroup.com/global/en/job/R0323995/Graduate-Programme-Responsable-Offres-France-Export-F-H
0	Customer Service	Toulouse	Haute-Garonne	Consultant Cloud / FinOps	https://careers.thalesgroup.com/global/en/job/R0319777/Consultant-Cloud-FinOps
0	Hardware	Palaiseau	Essonne	Ingénieur de recherche en analyse de défaillance et test électrique (H/F)	https://careers.thalesgroup.com/global/en/job/R0312384/Ingénieur-de-recherche-en-analyse-de-défaillance-et-test-électrique-H-F
0	Engineering and Technical Management	Vélizy-Villacoublay	Yvelines	Ingénieur IVVQM (Intégration, Vérification, Validation, Qualification Manager)	https://careers.thalesgroup.com/global/en/job/R0325964/Ingénieur-IVVQM-Intégration-Vérification-Validation-Qualification-Manager
0	Other	Fleury-les-Aubrais	Loiret	REFERENT DOUANE H/F	https://careers.thalesgroup.com/global/en/job/R0316223/REFERENT-DOUANE-H-F
0	Hardware	Gennevilliers	Hauts-de-Seine	Leader Technique Electronique - F/H	https://careers.thalesgroup.com/global/en/job/R0311361/Leader-Technique-Electronique-F-H
0	Industry	Châtellerault	Vienne	Responsable de Lots d'Industrialisation (F/H)	https://careers.thalesgroup.com/global/en/job/R0325027/Responsable-de-Lots-d-Industrialisation-F-H
0	Customer Service	Vélizy-Villacoublay	Yvelines	Senior Consultant Transformation Agile H/F	https://careers.thalesgroup.com/global/en/job/R0302909/Senior-Consultant-Transformation-Agile-H-F
0	Engineering and Technical Management	Bordeaux	Gironde	Expatriation Chine - Senior Technical Leader Navigation Sensors F/H	https://careers.thalesgroup.com/global/en/job/R0324168/Expatriation-Chine-Senior-Technical-Leader-Navigation-Sensors-F-H
0	Software	Valbonne	Alpes-Maritimes	Ingénieur Cloud-DevOps (H/F)	https://careers.thalesgroup.com/global/en/job/R0319266/Ingénieur-Cloud-DevOps-H-F
0	Customer Service	Toulouse	Haute-Garonne	Senior Consultant Transformation IT H/F	https://careers.thalesgroup.com/global/en/job/R0316039/Senior-Consultant-Transformation-IT-H-F
0	Customer Service	Lyon 6e Arrondissement	Rhone	Senior Consultant Transformation Digitale H/F	https://careers.thalesgroup.com/global/en/job/R0302905/Senior-Consultant-Transformation-Digitale-H-F
0	Hardware	Brest	Finistere	Ingénieur Développement Mécanique Marine (F/H)	https://careers.thalesgroup.com/global/en/job/R0328444/Ingénieur-Développement-Mécanique-Marine-F-H
0	Strategy, Marketing, Sales	La Ciotat	Bouches-du-Rhone	Responsable Marketing Segment IoT (H/F)	https://careers.thalesgroup.com/global/en/job/R0320935/Responsable-Marketing-Segment-IoT-H-F
0	System	Vélizy-Villacoublay	Yvelines	Ingénieur(e) Système (H/F)	https://careers.thalesgroup.com/global/en/job/R0325459/Ingénieur-e-Système-H-F
0	Hardware	Bordeaux	Gironde	Concepteur électronique numérique (F/H)	https://careers.thalesgroup.com/global/en/job/R0315277/Concepteur-électronique-numérique-F-H
0	Engineering and Technical Management	Rungis	Val-de-Marne	Head of Engineering Value & Solution Strategy F/H	https://careers.thalesgroup.com/global/en/job/R0327826/Head-of-Engineering-Value-Solution-Strategy-F-H
0	Finance	Vélizy-Villacoublay	Yvelines	Comptable Client F/H	https://careers.thalesgroup.com/global/en/job/R0327326/Comptable-Client-F-H
0	Hardware	Élancourt	Yvelines	Responsable du service Cœurs Numériques - F/H	https://careers.thalesgroup.com/global/en/job/R0327450/Responsable-du-service-Cœurs-Numériques-F-H
0	System	Toulouse	Haute-Garonne	Architecte E2E System BIDs & Avant projets Observation de la Terre (F/H)	https://careers.thalesgroup.com/global/en/job/R0294380/Architecte-E2E-System-BIDs-Avant-projets-Observation-de-la-Terre-F-H
0	Software	Brest	Finistere	Ingénieur Développement Logiciel - Guerre Electronique (F/H)	https://careers.thalesgroup.com/global/en/job/R0326275/Ingénieur-Développement-Logiciel-Guerre-Electronique-F-H
0	Customer Service	Élancourt	Yvelines	Administrateur Messagerie Collaboratif (H/F)	https://careers.thalesgroup.com/global/en/job/R0320820/Administrateur-Messagerie-Collaboratif-H-F
0	System	Vélizy-Villacoublay	Yvelines	Architecte système F/H	https://careers.thalesgroup.com/global/en/job/R0327369/Architecte-système-F-H
0	Procurement	Cannes	Alpes-Maritimes	Execution Performance Manager (DC Harnais) - F/H	https://careers.thalesgroup.com/global/en/job/R0313024/Execution-Performance-Manager-DC-Harnais-F-H
0	Hardware	Brest	Finistere	Ingénieur Intégration Validation Vérification en Electronique de Puissance (IVV) F/H	https://careers.thalesgroup.com/global/en/job/R0327831/Ingénieur-Intégration-Validation-Vérification-en-Electronique-de-Puissance-IVV-F-H
0	Hardware	Brest	Finistere	Manager service électronique (F/H)	https://careers.thalesgroup.com/global/en/job/R0317588/Manager-service-électronique-F-H
0	System	Vélizy-Villacoublay	Yvelines	Product Design Authority - enfouisseur F /H	https://careers.thalesgroup.com/global/en/job/R0305164/Product-Design-Authority-enfouisseur-F-H
0	Industry	Rouen	Seine-Maritime	Technicien production mécanique APRU MFR	https://careers.thalesgroup.com/global/en/job/R0322736/Technicien-production-mécanique-APRU-MFR
0	Software	Paris 9e Arrondissement		[S3NS] Finops Engineer GCP (H/F)	https://careers.thalesgroup.com/global/en/job/R0303656/-S3NS-Finops-Engineer-GCP-H-F
0	System	Élancourt	Yvelines	Ingénieur Système Radar H/F	https://careers.thalesgroup.com/global/en/job/R0325832/Ingénieur-Système-Radar-H-F
0	System	Élancourt	Yvelines	Architecte Radar H/F	https://careers.thalesgroup.com/global/en/job/R0316316/Architecte-Radar-H-F
0	Industry	La Ferté-Saint-Aubin	Loiret	Responsable Industrialisation  - F/H	https://careers.thalesgroup.com/global/en/job/R0320666/Responsable-Industrialisation-F-H
0	Industry	Rouen	Seine-Maritime	Responsable équipe Support produit F/H	https://careers.thalesgroup.com/global/en/job/R0320453/Responsable-équipe-Support-produit-F-H
